FL_DATE,DEP_DELAY,ORIGIN_CITY_NAME,DEST_CITY_NAME,CRS_DEP_TIME,DISTANCE
2024-08-16,-3,Houston,San Francisco,1167,1161
2024-08-08,10,Houston,New York,941,454
2024-08-06,59,San Francisco,Houston,829,1204
2024-08-12,14,Atlanta,Atlanta,1770,1569
2024-08-24,1,Atlanta,Chicago,975,704
2024-08-28,4,Atlanta,Denver,954,1143
2024-08-21,48,San Francisco,Chicago,1262,2082
2024-08-08,15,New York,San Francisco,951,1864
2024-08-26,15,Denver,New York,943,1484
2024-08-28,36,Los Angeles,San Francisco,2202,1046
2024-08-04,21,Miami,Houston,1204,2025
2024-08-26,-1,Denver,Seattle,2135,570
2024-08-08,5,Houston,Denver,1534,1069
2024-08-26,6,Chicago,Houston,1096,2015
2024-08-28,12,Dallas,Atlanta,178,1810
2024-08-18,15,San Francisco,Atlanta,2259,471
2024-08-28,-4,Seattle,San Francisco,1828,573
2024-08-28,3,Chicago,New York,1257,1458
2024-08-05,-4,Miami,Houston,464,2006
2024-08-09,-2,Atlanta,Dallas,1774,2071
2024-08-04,37,Houston,New York,1230,721
2024-08-27,48,Houston,Seattle,884,1744
2024-08-22,28,Houston,Atlanta,2323,1509
2024-08-31,7,Atlanta,San Francisco,1332,879
2024-08-17,48,Seattle,Miami,1654,1190
2024-08-09,6,San Francisco,Atlanta,944,1021
2024-08-01,3,Chicago,Denver,924,1180
2024-08-21,20,Atlanta,Los Angeles,1938,1421
2024-08-20,13,Miami,Miami,493,2307
2024-08-13,49,San Francisco,San Francisco,1546,2369
2024-08-28,34,Miami,Dallas,1969,1773
2024-08-16,-8,San Francisco,Miami,1094,682
2024-08-29,26,Seattle,Denver,1825,2481
2024-08-13,32,Dallas,New York,762,1749
2024-08-14,29,Miami,Dallas,2323,1890
2024-08-03,44,Atlanta,Atlanta,49,2086
2024-08-29,28,San Francisco,Dallas,905,443
2024-08-06,4,Houston,Houston,563,2186
2024-08-18,-7,Denver,Denver,782,2002
2024-08-19,14,Houston,Miami,2040,1735
2024-08-05,2,New York,Houston,1831,523
2024-08-15,22,Dallas,Dallas,583,519
2024-08-25,5,Dallas,Houston,1319,478
2024-08-02,31,Houston,Chicago,235,1954
2024-08-10,55,Chicago,Denver,2103,732
2024-08-24,44,Seattle,Seattle,1942,564
2024-08-30,31,Miami,New York,359,1253
2024-08-18,23,Atlanta,Dallas,1930,728
2024-08-27,19,Dallas,Denver,109,1877
2024-08-13,2,Houston,Seattle,191,779
2024-08-05,2,Houston,Seattle,903,1653
2024-08-23,7,Seattle,San Francisco,1116,1189
2024-08-24,21,Seattle,Houston,861,1224
2024-08-01,28,Los Angeles,Seattle,1083,2470
2024-08-22,35,Los Angeles,Chicago,649,2202
2024-08-01,18,Chicago,Denver,38,1710
2024-08-18,51,Chicago,Los Angeles,636,1662
2024-08-15,51,New York,Los Angeles,1036,1077
2024-08-17,46,Chicago,Dallas,35,328
2024-08-11,5,San Francisco,Atlanta,2148,334
2024-08-21,45,Seattle,Houston,1361,1719
2024-08-26,-1,Atlanta,Atlanta,1983,888
2024-08-31,19,San Francisco,Seattle,165,1203
2024-08-25,14,Miami,Denver,1879,2469
2024-08-22,-6,Houston,Dallas,30,639
2024-08-27,54,Chicago,Miami,10,474
2024-08-27,38,Houston,Seattle,2011,2223
2024-08-17,-8,Dallas,Houston,2143,2014
2024-08-13,34,New York,Los Angeles,2239,896
2024-08-01,3,Dallas,San Francisco,485,750
2024-08-02,19,New York,Denver,1289,856
2024-08-09,57,Los Angeles,New York,1447,1459
2024-08-03,7,Houston,Atlanta,2285,1656
2024-08-31,51,New York,Dallas,1943,2356
2024-08-01,26,Denver,Atlanta,1963,1316
2024-08-21,14,San Francisco,Denver,1851,2362
2024-08-16,37,New York,Atlanta,1469,1138
2024-08-23,54,New York,Denver,1366,1937
2024-08-06,42,San Francisco,Atlanta,990,525
2024-08-28,4,Houston,Chicago,824,2113
2024-08-17,38,Houston,Miami,1462,2460
2024-08-05,57,San Francisco,Seattle,2153,2320
2024-08-31,1,Dallas,Seattle,2228,1751
2024-08-05,48,Denver,Houston,2231,2348
2024-08-06,26,Atlanta,New York,225,1814
2024-08-03,50,Miami,New York,776,1531
2024-08-21,32,Denver,Houston,1112,1945
2024-08-23,59,Houston,San Francisco,687,2035
2024-08-05,28,Atlanta,Seattle,529,605
2024-08-21,45,Los Angeles,San Francisco,971,2359
2024-08-05,52,Chicago,Denver,935,2023
2024-08-10,35,New York,Denver,1422,1989
2024-08-10,0,San Francisco,Los Angeles,2153,1817
2024-08-19,51,San Francisco,Atlanta,1294,1691
2024-08-17,14,New York,New York,1998,719
2024-08-21,41,Chicago,Los Angeles,1526,433
2024-08-14,-7,Miami,Miami,678,2330
2024-08-09,48,Chicago,Houston,39,1750
2024-08-14,9,Atlanta,Houston,1105,1853
2024-08-01,52,Chicago,Denver,844,1464
2024-08-19,43,Atlanta,Seattle,1743,2169
2024-08-13,46,Chicago,San Francisco,2248,2119
2024-08-13,30,Miami,New York,446,1642
2024-08-04,-8,Miami,Los Angeles,1234,1764
2024-08-30,-5,Houston,San Francisco,1350,1379
2024-08-01,-6,New York,Los Angeles,226,1478
2024-08-17,-6,Miami,Atlanta,47,1995
2024-08-08,43,Atlanta,Miami,1462,410
2024-08-02,36,Miami,Miami,1830,2484
2024-08-28,38,Houston,San Francisco,186,767
2024-08-31,-2,San Francisco,San Francisco,2392,1113
2024-08-08,9,Atlanta,San Francisco,2271,1572
2024-08-07,50,Houston,Los Angeles,1932,1293
2024-08-26,24,Dallas,Atlanta,848,2331
2024-08-26,39,Dallas,Chicago,2032,622
2024-08-02,51,Los Angeles,San Francisco,1252,1203
2024-08-22,6,Chicago,Seattle,1413,1841
2024-08-22,-8,New York,New York,978,2299
2024-08-03,21,Seattle,New York,1612,2115
2024-08-27,2,Denver,Los Angeles,1016,447
2024-08-18,57,Houston,San Francisco,2235,1441
2024-08-12,3,San Francisco,Denver,1881,1149
2024-08-01,0,Denver,Houston,269,666
2024-08-22,45,San Francisco,Chicago,1630,1389
2024-08-12,56,Denver,Seattle,309,2338
2024-08-05,18,Houston,Atlanta,2043,474
2024-08-30,-2,Seattle,Denver,1574,2154
2024-08-30,56,Denver,Miami,1095,887
2024-08-27,14,Houston,Denver,1695,794
2024-08-25,31,Miami,Los Angeles,1445,1437
2024-08-17,-2,Seattle,Chicago,2167,2084
2024-08-16,29,Atlanta,Dallas,219,1470
2024-08-31,14,San Francisco,Dallas,52,334
2024-08-15,-6,Dallas,San Francisco,1757,1298
2024-08-23,0,Chicago,San Francisco,1474,1632
2024-08-15,48,Dallas,Los Angeles,1666,1337
2024-08-05,27,Seattle,Atlanta,1260,673
2024-08-21,-6,Atlanta,San Francisco,719,1751
2024-08-14,37,San Francisco,Houston,405,2051
2024-08-02,7,Atlanta,Chicago,2294,1004
2024-08-11,59,Denver,Los Angeles,71,862
2024-08-19,26,San Francisco,New York,1853,2173
2024-08-07,49,Denver,Miami,2232,2423
2024-08-06,37,Houston,Los Angeles,2053,738
2024-08-28,17,Seattle,Los Angeles,1229,2183
2024-08-02,58,Houston,Dallas,1567,2279
2024-08-06,29,Los Angeles,Seattle,386,998
2024-08-18,34,Atlanta,Atlanta,1791,1612
2024-08-02,51,Denver,Seattle,698,1863
2024-08-18,47,Miami,Houston,1200,991
2024-08-30,56,Houston,New York,826,1500
2024-08-15,45,Los Angeles,Dallas,1822,1934
2024-08-27,29,New York,New York,348,1933
2024-08-19,29,Dallas,Houston,1278,426
2024-08-31,22,San Francisco,Seattle,307,1806
2024-08-02,-5,Los Angeles,Los Angeles,1150,1491
2024-08-20,8,Seattle,San Francisco,1960,593
2024-08-25,29,Houston,San Francisco,2334,1666
2024-08-06,48,Seattle,Denver,765,1319
2024-08-01,48,Dallas,Miami,724,718
2024-08-24,37,Miami,Atlanta,1619,743
2024-08-15,30,Atlanta,Houston,382,984
2024-08-28,2,Atlanta,Miami,524,1762
2024-08-30,34,Seattle,Atlanta,275,384
2024-08-23,42,Denver,Miami,336,2067
2024-08-10,31,Miami,Seattle,1973,384
2024-08-19,52,Atlanta,Atlanta,480,2244
2024-08-17,16,Miami,Seattle,910,2412
2024-08-05,27,Los Angeles,Los Angeles,1996,1969
2024-08-29,49,Miami,Dallas,1351,962
2024-08-04,-4,Chicago,Seattle,2033,926
2024-08-10,-6,Dallas,San Francisco,1754,363
2024-08-24,34,Atlanta,Miami,108,1218
2024-08-17,47,Miami,Denver,327,1675
2024-08-10,20,Seattle,Chicago,1799,1481
2024-08-17,12,New York,Atlanta,314,1912
2024-08-28,31,Chicago,Houston,1134,790
2024-08-20,-1,Chicago,Denver,780,2178
2024-08-24,21,Denver,San Francisco,1520,2240
2024-08-05,42,Miami,Seattle,155,612
2024-08-02,19,Denver,Dallas,1496,1218
2024-08-06,28,Denver,Los Angeles,1724,2182
2024-08-21,20,New York,Chicago,886,1112
2024-08-02,-9,Los Angeles,New York,721,1789
2024-08-13,1,Miami,Denver,912,1626
2024-08-30,28,Houston,Dallas,870,979
2024-08-11,55,Atlanta,New York,12,734
2024-08-11,2,Denver,Chicago,497,981
2024-08-16,35,Dallas,Houston,1756,1458
2024-08-11,16,San Francisco,Houston,2285,1373
2024-08-19,6,Dallas,Miami,1117,1755
2024-08-15,49,New York,Chicago,1194,1670
2024-08-25,53,New York,Chicago,2004,948
2024-08-23,24,Seattle,New York,1647,544
2024-08-23,59,Los Angeles,Dallas,1590,2456
2024-08-16,19,Atlanta,Atlanta,1490,595
2024-08-31,52,Denver,New York,142,2459
2024-08-11,17,Dallas,Los Angeles,1224,1912
2024-08-22,49,San Francisco,Houston,564,2448
2024-08-16,26,New York,Houston,1715,1927
2024-08-08,11,New York,Miami,416,327
2024-08-04,57,Los Angeles,Los Angeles,1848,2285
2024-08-08,9,San Francisco,Houston,2355,1860
2024-08-04,57,San Francisco,New York,1717,357
2024-08-24,53,Los Angeles,Los Angeles,1390,1821
2024-08-25,6,New York,New York,1067,596
2024-08-03,1,Atlanta,Atlanta,1866,2481
2024-08-03,11,Miami,Atlanta,1121,1201
2024-08-27,6,Miami,Houston,1288,2264
2024-08-29,-1,Los Angeles,Houston,1806,1398
2024-08-18,54,San Francisco,Dallas,2187,1977
2024-08-29,11,Denver,Atlanta,1504,1491
2024-08-26,39,Los Angeles,Denver,1016,1070
2024-08-19,3,Atlanta,Denver,952,1826
2024-08-19,53,Los Angeles,Miami,71,1678
2024-08-21,36,Chicago,Atlanta,1690,1548
2024-08-05,18,Dallas,New York,1291,1854
2024-08-18,25,San Francisco,New York,1344,445
2024-08-28,41,Seattle,San Francisco,2154,2283
2024-08-10,-4,Seattle,Los Angeles,882,1564
2024-08-29,18,San Francisco,Seattle,138,2207
2024-08-22,0,Atlanta,Denver,2320,2072
2024-08-21,22,Chicago,Houston,1504,1358
2024-08-06,-5,Chicago,Miami,732,2348
2024-08-01,21,New York,Seattle,1748,2319
2024-08-05,40,Dallas,Chicago,423,452
2024-08-09,47,Miami,Miami,1591,807
2024-08-12,15,Houston,Chicago,389,790
2024-08-26,35,Atlanta,Atlanta,341,644
2024-08-14,18,Houston,Chicago,945,2235
2024-08-02,-7,Houston,Chicago,613,2061
2024-08-17,2,San Francisco,Dallas,492,520
2024-08-14,28,Seattle,Dallas,191,2238
2024-08-26,4,Seattle,Dallas,498,2242
2024-08-13,18,Miami,Atlanta,821,1022
2024-08-27,18,San Francisco,Seattle,1735,827
2024-08-09,21,Houston,Miami,1256,1822
2024-08-26,-9,Denver,Miami,1968,1964
2024-08-25,36,Seattle,Houston,226,780
2024-08-15,11,Atlanta,Dallas,1394,2171
2024-08-25,16,Atlanta,Atlanta,2186,1762
2024-08-22,56,New York,Houston,816,1725
2024-08-15,45,Los Angeles,Los Angeles,1473,644
2024-08-24,10,Denver,Houston,1086,344
2024-08-30,36,Seattle,Seattle,103,2368
2024-08-11,48,Chicago,Denver,1874,1957
2024-08-31,-5,Seattle,Chicago,870,2187
2024-08-16,8,New York,Dallas,667,2395
2024-08-29,46,Atlanta,Denver,2042,1814
2024-08-17,58,Houston,Houston,272,1301
2024-08-26,-8,Chicago,Atlanta,1029,1333
2024-08-04,-10,San Francisco,Chicago,2231,2340
2024-08-01,47,Dallas,Miami,1051,573
2024-08-08,27,Houston,New York,1573,1255
2024-08-17,4,Dallas,Chicago,292,2079
2024-08-03,23,Denver,Seattle,2224,680
2024-08-29,50,Los Angeles,Seattle,2105,1652
2024-08-20,24,Chicago,Houston,1292,778
2024-08-15,53,Miami,Los Angeles,307,2362
2024-08-15,14,Chicago,Seattle,976,815
2024-08-31,13,Seattle,Seattle,1251,490
2024-08-24,1,Atlanta,Atlanta,1270,1491
2024-08-22,7,Seattle,Houston,1517,1460
2024-08-14,4,Seattle,Chicago,2130,1711
2024-08-26,16,Denver,Los Angeles,1209,571
2024-08-28,49,Houston,Denver,2299,442
2024-08-23,35,Miami,New York,1378,2212
2024-08-14,6,Miami,Dallas,1773,1392
2024-08-24,42,Seattle,Miami,1719,1087
2024-08-02,-3,Dallas,Seattle,2042,2426
2024-08-13,16,Denver,Houston,795,1981
2024-08-26,35,Seattle,Dallas,896,922
2024-08-14,39,Los Angeles,Miami,1961,1237
2024-08-27,-8,Atlanta,Miami,209,1418
2024-08-24,53,Houston,Denver,967,916
2024-08-19,33,San Francisco,Denver,471,1331
2024-08-07,42,Los Angeles,Denver,922,366
2024-08-03,13,Dallas,San Francisco,136,490
2024-08-15,49,Chicago,San Francisco,366,820
2024-08-23,-8,Chicago,Miami,183,1289
2024-08-14,9,Los Angeles,Denver,1398,1440
2024-08-11,35,Seattle,Atlanta,536,1934
2024-08-15,4,San Francisco,Seattle,1602,1487
2024-08-28,14,New York,Dallas,1273,675
2024-08-13,6,New York,Dallas,1096,952
2024-08-18,-2,Dallas,San Francisco,1305,848
2024-08-26,27,Seattle,Miami,915,1397
2024-08-06,37,Miami,Houston,151,372
2024-08-03,49,Miami,Chicago,1028,498
2024-08-19,52,Houston,Chicago,1218,2081
2024-08-15,-9,San Francisco,San Francisco,1977,871
2024-08-25,0,San Francisco,Houston,270,1090
2024-08-23,53,Chicago,San Francisco,1186,1938
2024-08-05,10,Denver,Chicago,459,2131
2024-08-28,7,Dallas,Houston,104,2155
2024-08-10,53,New York,Denver,1710,1810
2024-08-07,27,Dallas,Miami,2209,1474
2024-08-25,21,Miami,Dallas,2398,478
2024-08-17,0,Miami,Atlanta,433,1034
2024-08-07,34,Los Angeles,Los Angeles,139,2436
2024-08-22,22,Houston,Miami,1494,1098
2024-08-26,30,San Francisco,Denver,86,1087
2024-08-30,-3,Atlanta,Chicago,1711,508
2024-08-12,0,Dallas,Denver,2230,792
2024-08-25,40,Miami,San Francisco,128,1957
2024-08-17,30,Denver,Houston,1269,1031
2024-08-13,6,Chicago,Dallas,1601,1429
2024-08-20,35,New York,Seattle,669,1905
2024-08-25,21,Houston,San Francisco,148,893
2024-08-04,43,Denver,Miami,984,1515
2024-08-10,9,Houston,San Francisco,851,624
2024-08-03,22,Los Angeles,Miami,1456,1278
2024-08-09,29,Atlanta,Seattle,627,2049
2024-08-13,21,Miami,New York,1492,2150
2024-08-18,-9,Chicago,Dallas,2044,1790
2024-08-15,22,Denver,Atlanta,883,1193
2024-08-04,19,Houston,Atlanta,2341,1690
2024-08-15,22,San Francisco,Los Angeles,1788,443
2024-08-22,15,Los Angeles,Denver,249,683
2024-08-02,11,San Francisco,New York,947,516
2024-08-15,55,Chicago,Atlanta,974,1815
2024-08-08,27,Denver,San Francisco,1325,1790
2024-08-08,35,Los Angeles,Denver,983,1935
2024-08-17,4,Denver,New York,888,1467
2024-08-12,33,Miami,Houston,2117,410
2024-08-19,38,Seattle,Houston,874,1313
2024-08-10,50,Los Angeles,Denver,1326,531
2024-08-09,56,San Francisco,Miami,470,2014
2024-08-05,-5,Chicago,Miami,1987,2055
2024-08-06,-2,Atlanta,San Francisco,90,1877
2024-08-20,-5,Miami,New York,529,1596
2024-08-26,21,Seattle,New York,660,1272
2024-08-02,30,Atlanta,Denver,738,1330
2024-08-27,-3,New York,Chicago,871,817
2024-08-24,39,Miami,Houston,1686,1213
2024-08-27,51,Chicago,New York,191,2481
2024-08-13,51,Houston,Denver,1986,2244
2024-08-06,-4,Los Angeles,Seattle,2185,1762
2024-08-05,-7,Denver,Los Angeles,344,2172
2024-08-25,-5,Chicago,Seattle,1008,1607
2024-08-01,47,Los Angeles,Dallas,202,1198
2024-08-21,11,Atlanta,San Francisco,572,1398
2024-08-22,15,Denver,New York,191,1489
2024-08-21,-8,Dallas,Dallas,2052,1512
2024-08-06,30,San Francisco,Atlanta,1913,2425
2024-08-06,49,New York,Dallas,1716,987
2024-08-23,3,Miami,Denver,310,2368
2024-08-16,1,Chicago,New York,2103,865
2024-08-04,1,New York,Los Angeles,442,1507
2024-08-30,2,Houston,Denver,1260,2194
2024-08-11,14,Los Angeles,Denver,869,1126
2024-08-30,34,Los Angeles,San Francisco,584,1651
2024-08-30,8,Chicago,San Francisco,1594,2111
2024-08-30,44,Seattle,Houston,1537,1382
2024-08-31,34,Seattle,Houston,359,1650
2024-08-24,-3,Dallas,Miami,1723,1944
2024-08-23,42,San Francisco,Chicago,2077,490
2024-08-09,44,Denver,New York,1802,1523
2024-08-23,21,Houston,New York,2011,1635
2024-08-03,40,New York,Dallas,2155,1007
2024-08-19,33,Seattle,New York,843,678
2024-08-31,59,Dallas,New York,1625,686
2024-08-08,7,Dallas,Chicago,890,915
2024-08-05,11,Chicago,Atlanta,1991,1842
2024-08-04,26,Houston,Houston,1982,2348
2024-08-24,45,Atlanta,Houston,959,2054
2024-08-31,48,Denver,Los Angeles,1468,763
2024-08-06,-8,San Francisco,New York,1461,1266
2024-08-02,17,Miami,Chicago,731,471
2024-08-20,24,Chicago,Houston,605,1446
2024-08-28,50,Denver,Chicago,614,1142
2024-08-11,43,Miami,Seattle,2004,1621
2024-08-04,52,Miami,Atlanta,1719,2208
2024-08-15,-4,Houston,New York,673,989
2024-08-06,38,Houston,Los Angeles,1270,1807
2024-08-22,20,New York,Dallas,1587,2324
2024-08-17,47,Dallas,Houston,1611,2022
2024-08-30,50,Denver,Seattle,896,682
2024-08-24,13,Chicago,Chicago,1462,1712
2024-08-06,9,Los Angeles,San Francisco,277,1883
2024-08-19,26,Chicago,Denver,551,2350
2024-08-30,-7,New York,New York,1636,671
2024-08-25,9,San Francisco,New York,2158,2010
2024-08-02,49,Dallas,Seattle,760,1769
2024-08-15,13,Los Angeles,Chicago,1449,910
2024-08-11,39,Seattle,Miami,404,415
2024-08-08,38,San Francisco,New York,1358,746
2024-08-26,40,Houston,Miami,1232,1691
2024-08-19,25,Miami,San Francisco,21,1640
2024-08-13,55,Seattle,Seattle,677,714
2024-08-12,23,Chicago,Chicago,2028,2108
2024-08-05,25,Chicago,Chicago,1231,1347
2024-08-06,-5,Houston,Atlanta,2055,2173
2024-08-26,28,New York,Denver,1808,1373
2024-08-22,31,Denver,Houston,528,1017
2024-08-04,47,Seattle,Houston,2037,1658
2024-08-19,1,Seattle,Dallas,1676,1905
2024-08-20,-8,Atlanta,Los Angeles,656,861
2024-08-01,7,San Francisco,Seattle,165,686
2024-08-20,29,Dallas,San Francisco,848,1001
2024-08-17,10,San Francisco,Chicago,495,1272
2024-08-12,4,Denver,Denver,589,1684
2024-08-15,15,Chicago,Miami,428,1283
2024-08-01,-3,Chicago,Seattle,162,1811
2024-08-26,31,Chicago,Dallas,1262,651
2024-08-14,33,Atlanta,Seattle,71,2024
2024-08-06,3,Chicago,Dallas,654,2251
2024-08-05,-9,Denver,Chicago,268,1579
2024-08-30,26,Houston,Los Angeles,1776,2207
2024-08-11,58,Dallas,Dallas,1268,1052
2024-08-31,27,Denver,Chicago,1015,1324
2024-08-04,30,Dallas,Chicago,1083,845
2024-08-13,51,Denver,Los Angeles,5,1769
2024-08-11,49,Chicago,Houston,981,378
2024-08-03,3,Houston,Seattle,406,1559
2024-08-01,-9,Seattle,New York,1953,1188
2024-08-06,59,San Francisco,New York,2073,1405
2024-08-18,6,Miami,Miami,985,2290
2024-08-24,17,Houston,Miami,389,1800
2024-08-10,55,Seattle,New York,709,1220
2024-08-05,24,New York,San Francisco,1471,849
2024-08-23,-6,Denver,New York,753,2361
2024-08-10,54,New York,Miami,2193,691
2024-08-12,29,Seattle,Denver,1411,1680
2024-08-02,45,Houston,Miami,1272,1273
2024-08-13,25,Denver,San Francisco,525,639
2024-08-08,34,Miami,Seattle,1485,1056
2024-08-02,12,Chicago,New York,2060,1345
2024-08-20,36,Denver,Los Angeles,555,1238
2024-08-01,20,Denver,Denver,18,1147
2024-08-31,0,Houston,Chicago,574,741
2024-08-05,-1,Houston,San Francisco,1003,429
2024-08-09,56,Seattle,Miami,1938,896
2024-08-17,3,Los Angeles,Los Angeles,1939,2258
2024-08-09,-1,Denver,Dallas,1635,1805
2024-08-11,-10,San Francisco,Houston,1698,1161
2024-08-15,-6,Denver,New York,2169,1298
2024-08-24,9,Seattle,Houston,431,1851
2024-08-06,-3,Dallas,San Francisco,2091,1940
2024-08-23,32,New York,Dallas,1895,1811
2024-08-03,-10,Chicago,Dallas,1943,2036
2024-08-30,46,Los Angeles,Dallas,1340,1749
2024-08-31,53,Miami,Chicago,144,2157
2024-08-17,17,Miami,San Francisco,1073,564
2024-08-05,26,Miami,Seattle,1088,1762
2024-08-30,36,Houston,Houston,799,456
2024-08-28,26,Miami,Seattle,1151,1745
2024-08-12,38,Chicago,Los Angeles,1956,1932
2024-08-18,33,New York,Atlanta,462,1194
2024-08-14,45,Miami,Denver,1774,2444
2024-08-21,17,Denver,Denver,2045,812
2024-08-24,-5,Denver,Seattle,807,515
2024-08-11,50,Houston,Atlanta,186,2472
2024-08-09,9,Chicago,Atlanta,1743,2006
2024-08-02,-9,New York,New York,731,2406
2024-08-12,26,Los Angeles,Los Angeles,1935,1867
2024-08-03,9,Seattle,San Francisco,1213,2453
2024-08-03,15,New York,Atlanta,1411,1428
2024-08-01,18,Seattle,Miami,428,527
2024-08-08,-10,Dallas,Denver,1307,1787
2024-08-22,24,Seattle,Miami,2284,1101
2024-08-28,59,San Francisco,Los Angeles,1217,1922
2024-08-29,48,Denver,Atlanta,1310,2205
2024-08-08,58,Chicago,Houston,770,771
2024-08-11,22,Atlanta,Denver,757,1379
2024-08-09,40,Houston,New York,135,2360
2024-08-05,1,San Francisco,New York,791,1341
2024-08-14,9,Seattle,Dallas,170,2460
2024-08-28,42,Miami,Chicago,2206,528
2024-08-30,32,Chicago,Atlanta,2248,470
2024-08-03,39,San Francisco,Los Angeles,1580,594
2024-08-21,18,Houston,Denver,961,488
2024-08-05,46,Denver,Chicago,875,725
2024-08-05,28,Chicago,Los Angeles,102,1276
2024-08-19,45,Houston,Seattle,1001,1402
2024-08-27,32,Dallas,Atlanta,1148,1218
2024-08-14,39,Dallas,San Francisco,1481,798
2024-08-26,12,Houston,San Francisco,657,2121
2024-08-30,33,San Francisco,Atlanta,1220,1165
2024-08-04,27,Chicago,Dallas,422,1125
2024-08-25,12,San Francisco,Dallas,170,2158
2024-08-13,34,Los Angeles,San Francisco,2220,2418
2024-08-10,41,Seattle,Houston,452,445
2024-08-25,39,Los Angeles,Denver,2397,1941
2024-08-18,-3,Dallas,San Francisco,1975,1619
2024-08-08,-10,Denver,Houston,1657,769
2024-08-08,-3,New York,Chicago,2053,492
2024-08-07,18,Seattle,Houston,287,1391
2024-08-08,-6,Dallas,Chicago,1641,351
2024-08-14,36,San Francisco,Los Angeles,1447,2120
2024-08-19,23,San Francisco,Miami,1913,2169
2024-08-29,54,San Francisco,Los Angeles,607,2086
2024-08-06,44,Denver,San Francisco,456,1754
2024-08-01,32,Los Angeles,Chicago,1764,2167
2024-08-23,19,New York,San Francisco,1225,2307
2024-08-31,6,San Francisco,Atlanta,1235,1734
2024-08-15,15,Atlanta,Denver,1029,1139
2024-08-01,-3,Seattle,New York,446,540
2024-08-25,36,Chicago,San Francisco,834,835
2024-08-17,35,Atlanta,Denver,810,1707
2024-08-01,57,New York,Houston,1424,382
2024-08-15,22,Denver,Los Angeles,1411,1281
2024-08-23,-10,New York,Houston,958,1250
2024-08-02,8,Chicago,New York,1475,910
2024-08-14,20,Seattle,Chicago,808,873
2024-08-21,3,Chicago,Atlanta,978,1288
2024-08-08,42,Houston,Denver,725,758
2024-08-08,37,Seattle,Atlanta,1216,2473
2024-08-19,58,New York,Miami,2197,1822
2024-08-07,51,San Francisco,San Francisco,1903,2284
2024-08-19,55,New York,Chicago,778,1866
2024-08-06,53,New York,Miami,972,2459
2024-08-06,59,Seattle,Seattle,1538,421
2024-08-03,52,Houston,San Francisco,1416,572
2024-08-07,22,New York,Houston,2123,1617
2024-08-19,30,Atlanta,Los Angeles,598,697
2024-08-08,37,Dallas,Denver,224,1284
2024-08-10,2,Miami,New York,1553,1530
2024-08-20,20,Miami,New York,2160,1433
2024-08-15,57,New York,Houston,2298,1601
2024-08-15,-7,Atlanta,Dallas,840,2210
2024-08-29,8,San Francisco,New York,1814,1805
2024-08-01,59,Denver,Denver,713,2216
2024-08-20,2,Denver,Houston,1106,1119
2024-08-30,12,Seattle,Chicago,124,2256
2024-08-07,-10,Miami,New York,1092,478
2024-08-27,43,New York,Atlanta,1279,1196
2024-08-04,4,Denver,Houston,1750,2272
2024-08-29,54,New York,Denver,29,1851
2024-08-06,4,Seattle,Atlanta,2328,791
2024-08-25,10,Miami,San Francisco,2017,360
2024-08-01,8,Chicago,San Francisco,494,1377
2024-08-29,49,Dallas,New York,1609,2003
2024-08-05,22,Dallas,Atlanta,717,364
2024-08-27,38,Denver,Los Angeles,1016,885
2024-08-23,24,Dallas,San Francisco,1337,2027
2024-08-01,33,Chicago,Los Angeles,605,834
2024-08-30,0,New York,Chicago,374,2455
2024-08-04,55,Seattle,Houston,1960,2170
2024-08-22,35,Chicago,Miami,1048,1304
2024-08-02,-2,Seattle,Denver,1357,1529
2024-08-10,-8,Seattle,Houston,115,1339
2024-08-05,15,Miami,Denver,2095,626
2024-08-27,37,New York,Atlanta,1801,907
2024-08-10,55,Atlanta,Chicago,2146,301
2024-08-01,59,Dallas,Seattle,1482,1333
2024-08-22,17,Atlanta,New York,1546,424
2024-08-06,15,Miami,Denver,1620,1404
2024-08-13,14,Seattle,Denver,684,2161
2024-08-31,1,Denver,Atlanta,1471,1473
2024-08-15,-6,Dallas,Los Angeles,1599,428
2024-08-04,37,Dallas,Houston,2305,737
2024-08-13,26,New York,Seattle,2168,1050
2024-08-24,33,Houston,Dallas,809,1521
2024-08-20,4,Los Angeles,New York,977,1201
2024-08-24,32,Los Angeles,Miami,2101,2392
2024-08-15,37,Los Angeles,Dallas,1354,1602
2024-08-29,59,Houston,Houston,783,1733
2024-08-08,35,New York,New York,240,690
2024-08-05,32,Houston,Denver,1778,1367
2024-08-29,10,Los Angeles,Miami,1553,326
2024-08-15,12,Miami,Los Angeles,482,847
2024-08-04,36,Chicago,Seattle,1012,866
2024-08-12,4,Seattle,Los Angeles,186,1003
2024-08-13,14,Houston,Chicago,1881,1542
2024-08-02,25,New York,Atlanta,2309,484
2024-08-27,40,New York,New York,952,1890
2024-08-31,4,Atlanta,Los Angeles,1387,2213
2024-08-19,57,Chicago,Dallas,490,1147
2024-08-19,10,Denver,Atlanta,430,898
2024-08-04,2,Dallas,Los Angeles,238,1105
2024-08-04,8,Los Angeles,San Francisco,2351,1657
2024-08-26,23,Denver,Chicago,2345,2426
2024-08-11,57,Atlanta,Houston,75,2178
2024-08-27,41,Los Angeles,Seattle,1356,845
2024-08-05,16,Chicago,Chicago,1923,1932
2024-08-20,18,Atlanta,Atlanta,1781,2379
2024-08-11,17,Los Angeles,San Francisco,826,2226
2024-08-30,24,Chicago,New York,2330,916
2024-08-10,-3,San Francisco,Dallas,590,1503
2024-08-08,5,Denver,Seattle,2119,2059
2024-08-06,25,Denver,Seattle,1902,525
2024-08-06,19,Dallas,Chicago,1910,969
2024-08-08,7,Chicago,Atlanta,574,2063
2024-08-23,-9,Houston,New York,891,1216
2024-08-15,38,San Francisco,Denver,2059,2473
2024-08-26,-7,Miami,San Francisco,140,2421
2024-08-14,-4,Los Angeles,Denver,1789,1514
2024-08-11,28,San Francisco,Dallas,16,2005
2024-08-12,2,Chicago,New York,1086,2142
2024-08-26,20,Seattle,New York,252,2283
2024-08-13,52,Los Angeles,San Francisco,464,355
2024-08-08,45,New York,Miami,375,1019
2024-08-30,31,Denver,Denver,1827,2379
2024-08-18,50,Chicago,Los Angeles,519,873
2024-08-25,31,New York,Seattle,1860,966
2024-08-01,45,Dallas,Miami,89,583
2024-08-15,25,Atlanta,Los Angeles,719,2044
2024-08-08,57,Miami,Atlanta,629,797
2024-08-28,-4,Miami,San Francisco,1884,1765
2024-08-11,43,New York,Atlanta,75,429
2024-08-12,-10,Denver,Seattle,925,938
2024-08-12,33,Dallas,Houston,1805,2461
2024-08-04,34,Seattle,Los Angeles,969,2360
2024-08-16,36,Denver,Miami,1094,1285
2024-08-04,2,San Francisco,Los Angeles,2028,1292
2024-08-05,11,Miami,Los Angeles,1404,2421
2024-08-24,10,San Francisco,San Francisco,194,400
2024-08-05,-2,Los Angeles,Atlanta,227,726
2024-08-08,15,Houston,Denver,1459,340
2024-08-31,-2,Chicago,Houston,460,728
2024-08-10,4,Dallas,San Francisco,617,643
2024-08-17,-1,Denver,Dallas,63,665
2024-08-28,31,Miami,San Francisco,2212,908
2024-08-31,13,San Francisco,Seattle,2074,1027
2024-08-26,38,Atlanta,Houston,284,1124
2024-08-09,15,Los Angeles,New York,1683,1675
2024-08-22,26,Chicago,Dallas,2328,1188
2024-08-19,57,Chicago,Chicago,837,2343
2024-08-29,39,Denver,San Francisco,830,1641
2024-08-14,13,Dallas,Los Angeles,1187,1596
2024-08-08,8,Seattle,Denver,223,416
2024-08-09,49,Atlanta,New York,783,1417
2024-08-22,28,Denver,San Francisco,949,467
2024-08-11,7,San Francisco,San Francisco,44,2038
2024-08-23,8,Houston,Miami,1810,1664
2024-08-01,25,New York,Miami,470,994
2024-08-14,44,Seattle,New York,2081,1224
2024-08-05,58,Dallas,Atlanta,829,451
2024-08-21,36,Los Angeles,Miami,1909,885
2024-08-26,38,Seattle,Los Angeles,2268,1212
2024-08-14,22,Miami,Dallas,1891,1877
2024-08-04,10,Dallas,Chicago,691,795
2024-08-22,11,Houston,Houston,1390,2448
2024-08-23,37,Miami,Chicago,931,856
2024-08-25,26,Seattle,Chicago,840,1405
2024-08-01,4,New York,Houston,1938,1852
2024-08-31,24,New York,Miami,1573,2420
2024-08-22,21,Houston,New York,2286,456
2024-08-23,0,Chicago,Houston,147,1034
2024-08-19,-1,Atlanta,Seattle,1032,2479
2024-08-08,46,Los Angeles,Atlanta,1311,1727
2024-08-15,14,Chicago,Dallas,387,858
2024-08-21,-9,New York,Denver,1873,2454
2024-08-15,53,New York,Miami,915,454
2024-08-09,24,San Francisco,Atlanta,1878,1296
2024-08-21,-4,Miami,Houston,277,830
2024-08-09,7,Seattle,Seattle,1977,2271
2024-08-10,56,Los Angeles,Denver,1859,1028
2024-08-20,31,Houston,Dallas,1825,1477
2024-08-25,28,Seattle,Dallas,1833,453
2024-08-21,30,San Francisco,Miami,617,391
2024-08-26,13,New York,Houston,1630,1803
2024-08-09,49,Houston,Atlanta,2182,2016
2024-08-03,35,New York,New York,579,2316
2024-08-31,8,Los Angeles,Atlanta,1170,1086
2024-08-20,57,Miami,Atlanta,489,572
2024-08-25,31,Seattle,Dallas,1182,2327
2024-08-26,21,Seattle,New York,383,476
2024-08-11,28,Chicago,New York,162,942
2024-08-06,25,Houston,Miami,1876,2198
2024-08-02,25,Atlanta,Denver,1212,866
2024-08-07,-8,San Francisco,San Francisco,1362,965
2024-08-18,-3,Atlanta,Chicago,1630,1631
2024-08-27,59,Chicago,Chicago,1204,2098
2024-08-02,30,Los Angeles,Dallas,287,1369
2024-08-27,57,San Francisco,San Francisco,1857,707
2024-08-17,2,Miami,Denver,186,1512
2024-08-11,38,Atlanta,San Francisco,1907,2153
2024-08-27,49,Miami,Miami,1161,1452
2024-08-12,-9,Atlanta,Atlanta,129,1441
2024-08-27,49,Miami,Dallas,2241,443
2024-08-19,-6,Atlanta,New York,2363,786
2024-08-22,33,Miami,Dallas,1887,1159
2024-08-24,16,Chicago,Chicago,143,2235
2024-08-25,21,Dallas,Denver,15,447
2024-08-07,10,San Francisco,San Francisco,244,1659
2024-08-20,-3,Houston,Denver,926,1657
2024-08-06,39,Los Angeles,Miami,2176,389
2024-08-21,56,Denver,Dallas,906,1657
2024-08-24,33,New York,Houston,886,498
2024-08-01,47,Houston,Dallas,340,837
2024-08-17,-8,New York,New York,2051,600
2024-08-29,59,San Francisco,Dallas,1433,1023
2024-08-31,-9,Houston,Seattle,305,1898
2024-08-11,33,Miami,Miami,907,1759
2024-08-22,-9,Miami,Los Angeles,1371,367
2024-08-26,24,Denver,Miami,320,1837
2024-08-28,19,New York,San Francisco,558,697
2024-08-18,-3,Los Angeles,Los Angeles,1204,919
2024-08-21,11,San Francisco,San Francisco,1409,1884
2024-08-17,33,Miami,San Francisco,1641,1463
2024-08-07,47,Dallas,New York,1131,1029
2024-08-17,25,Chicago,New York,817,855
2024-08-20,58,Chicago,Atlanta,1194,2252
2024-08-09,20,Atlanta,Chicago,11,2051
2024-08-17,36,Los Angeles,Atlanta,194,1295
2024-08-20,44,Chicago,Atlanta,2229,2259
2024-08-22,51,Atlanta,Chicago,655,1901
2024-08-22,19,New York,Houston,1921,1780
2024-08-28,44,Miami,Los Angeles,2077,2434
2024-08-31,5,Miami,Denver,1619,1402
2024-08-29,1,Dallas,Atlanta,1119,1703
2024-08-08,6,Houston,Dallas,777,2477
2024-08-17,5,Chicago,Dallas,443,1599
2024-08-07,1,New York,San Francisco,297,2022
2024-08-01,-3,Seattle,Chicago,807,1198
2024-08-13,-8,Chicago,San Francisco,1760,1506
2024-08-30,5,Los Angeles,Seattle,844,1835
2024-08-23,19,Houston,Seattle,1015,377
2024-08-19,12,Chicago,Denver,1384,1832
2024-08-27,-6,New York,New York,1397,537
2024-08-24,54,Chicago,New York,553,1457
2024-08-19,19,Los Angeles,Chicago,2350,2296
2024-08-30,10,Seattle,Chicago,420,1515
2024-08-30,59,San Francisco,Atlanta,1269,577
2024-08-29,11,Denver,Seattle,1260,823
2024-08-17,21,Seattle,Atlanta,184,479
2024-08-13,22,Atlanta,New York,467,422
2024-08-29,5,Chicago,Los Angeles,1306,1569
2024-08-30,27,Miami,Los Angeles,1576,2057
2024-08-16,3,Dallas,Chicago,335,1394
2024-08-08,25,Miami,San Francisco,2209,779
2024-08-19,12,Seattle,New York,1497,2097
2024-08-18,55,Miami,Los Angeles,2059,2431
2024-08-01,-9,New York,New York,1447,1115
2024-08-14,54,Miami,Miami,587,742
2024-08-19,56,Houston,Dallas,1881,442
2024-08-15,41,San Francisco,Seattle,200,491
2024-08-18,51,Chicago,Atlanta,521,1710
2024-08-02,12,Miami,New York,1887,677
2024-08-22,15,Los Angeles,Dallas,1711,834
2024-08-28,57,San Francisco,Miami,787,2016
2024-08-17,44,San Francisco,Atlanta,59,1332
2024-08-18,-5,Miami,New York,577,1710
2024-08-30,24,San Francisco,Chicago,320,2440
2024-08-06,11,Dallas,Dallas,1458,2289
2024-08-19,32,Miami,Atlanta,2037,1477
2024-08-31,4,New York,New York,922,704
2024-08-04,49,Seattle,Dallas,1409,1472
2024-08-01,1,Houston,Miami,1694,1188
2024-08-08,38,Denver,New York,568,721
2024-08-29,31,Atlanta,New York,1101,1941
2024-08-23,27,San Francisco,New York,526,771
2024-08-07,34,New York,Denver,2172,846
2024-08-03,24,Chicago,Chicago,870,930
2024-08-10,19,Chicago,Miami,279,1337
2024-08-10,19,Atlanta,Atlanta,1892,2129
2024-08-19,-5,Houston,Denver,1751,663
2024-08-14,56,San Francisco,San Francisco,673,2466
2024-08-02,-4,Dallas,Denver,1151,845
2024-08-28,41,Atlanta,Seattle,2361,933
2024-08-01,3,Houston,Seattle,331,2236
2024-08-23,4,San Francisco,New York,1173,1980
2024-08-23,10,New York,Denver,2039,1262
2024-08-28,24,Seattle,San Francisco,1477,1182
2024-08-18,55,Dallas,Denver,35,1170
2024-08-07,-9,Denver,Chicago,1708,815
2024-08-29,24,Chicago,Chicago,1443,1720
2024-08-08,9,Los Angeles,San Francisco,2253,1165
2024-08-01,-1,New York,Denver,1379,2453
2024-08-25,14,Chicago,Dallas,439,1408
2024-08-23,55,Miami,Chicago,1119,513
2024-08-03,14,Los Angeles,Chicago,163,318
2024-08-24,43,Chicago,Los Angeles,147,941
2024-08-23,22,Houston,Denver,2341,1404
2024-08-27,25,Dallas,Chicago,194,629
2024-08-31,3,Chicago,Miami,662,1165
2024-08-29,54,Denver,Denver,479,1073
2024-08-08,43,Seattle,Seattle,122,691
2024-08-22,41,Houston,Los Angeles,1423,936
2024-08-25,-8,New York,Chicago,964,1325
2024-08-15,30,New York,Los Angeles,1778,1974
2024-08-05,-5,New York,Seattle,1485,1039
2024-08-03,14,New York,San Francisco,2014,1845
2024-08-19,2,Seattle,San Francisco,709,768
2024-08-01,-3,Chicago,Denver,911,1435
2024-08-28,10,San Francisco,Seattle,1360,1331
2024-08-15,57,Chicago,Houston,2364,1173
2024-08-08,14,Miami,Houston,1734,759
2024-08-02,57,Dallas,Denver,1823,1849
2024-08-03,34,Los Angeles,New York,1579,1051
2024-08-24,49,San Francisco,Los Angeles,680,1761
2024-08-14,1,San Francisco,Los Angeles,1333,2077
2024-08-24,21,Chicago,San Francisco,555,1153
2024-08-14,2,San Francisco,Houston,609,1629
2024-08-11,20,Atlanta,Atlanta,2156,777
2024-08-16,9,Atlanta,Chicago,371,434
2024-08-04,7,Miami,Chicago,615,1452
2024-08-20,49,Los Angeles,Chicago,1914,709
2024-08-05,52,Denver,San Francisco,2253,1745
2024-08-22,-5,Seattle,Seattle,846,1617
2024-08-21,21,Chicago,Dallas,42,1569
2024-08-14,32,Seattle,Houston,864,1879
2024-08-31,-9,Denver,Houston,1268,385
2024-08-23,49,Chicago,Atlanta,1378,2165
2024-08-16,12,Chicago,Los Angeles,784,1769
2024-08-18,20,Los Angeles,New York,475,677
2024-08-07,-6,Seattle,Denver,82,1980
2024-08-10,23,Atlanta,Los Angeles,1133,1374
2024-08-07,-1,New York,Seattle,2237,541
2024-08-01,-9,Seattle,Denver,799,1219
2024-08-23,0,Dallas,Houston,935,1886
2024-08-21,39,Dallas,Seattle,2298,1571
2024-08-19,20,Chicago,Denver,2338,369
2024-08-16,45,New York,Atlanta,1668,2404
2024-08-29,-2,Houston,Atlanta,325,1705
2024-08-19,10,Denver,Miami,1534,2386
2024-08-04,17,Miami,Dallas,1985,2307
2024-08-29,51,New York,Atlanta,1964,1100
2024-08-28,-4,Miami,Houston,836,1341
2024-08-18,5,Seattle,New York,507,1124
2024-08-02,-7,Seattle,Chicago,2119,1055
2024-08-01,-7,Miami,Miami,1270,2295
2024-08-15,29,Denver,Chicago,640,2139
2024-08-05,6,New York,Dallas,1878,1621
2024-08-20,41,Houston,Denver,607,1909
2024-08-11,41,Chicago,San Francisco,1958,409
2024-08-10,25,Los Angeles,Atlanta,565,1316
2024-08-31,27,Seattle,New York,1367,2261
2024-08-02,39,Dallas,Dallas,2101,2069
2024-08-03,52,Denver,Chicago,1753,324
2024-08-23,52,Los Angeles,Miami,1581,1142
2024-08-23,51,Houston,Atlanta,1986,1037
2024-08-12,-4,San Francisco,Houston,2240,2404
2024-08-20,16,Chicago,Atlanta,2105,479
2024-08-05,3,Seattle,Miami,128,531
2024-08-05,-6,Chicago,Miami,1872,2217
2024-08-06,44,Los Angeles,San Francisco,705,642
2024-08-30,-9,Chicago,Atlanta,851,776
2024-08-09,51,San Francisco,Atlanta,7,2122
2024-08-02,10,Los Angeles,San Francisco,2076,754
2024-08-21,10,Seattle,Seattle,1135,1555
2024-08-12,-1,New York,Seattle,2178,588
2024-08-03,47,Dallas,Denver,2235,1536
2024-08-20,28,Los Angeles,Seattle,1698,829
2024-08-26,-6,Atlanta,Los Angeles,1498,895
2024-08-22,54,San Francisco,Atlanta,2259,734
2024-08-12,2,Los Angeles,New York,1644,1181
2024-08-24,42,Los Angeles,Atlanta,275,2081
2024-08-17,34,Atlanta,Los Angeles,1702,701
2024-08-10,21,Seattle,Los Angeles,1795,2435
2024-08-30,25,Los Angeles,Chicago,242,1865
2024-08-24,49,Dallas,Atlanta,170,608
2024-08-27,0,Chicago,Dallas,652,642
2024-08-14,52,Seattle,Los Angeles,1932,735
2024-08-23,10,Dallas,New York,2235,476
2024-08-17,41,Seattle,San Francisco,1109,438
2024-08-18,44,Dallas,Denver,1499,493
2024-08-19,15,San Francisco,Chicago,2099,1484
2024-08-17,57,Dallas,San Francisco,2158,1242
2024-08-14,23,Miami,Chicago,1972,824
2024-08-09,41,Dallas,New York,1066,1924
2024-08-08,41,New York,Miami,2258,1040
2024-08-02,18,New York,Atlanta,2035,1161
2024-08-13,27,Denver,Houston,857,1253
2024-08-25,31,Miami,Dallas,1049,1602
2024-08-07,10,Miami,San Francisco,298,1574
2024-08-09,31,Chicago,Atlanta,923,2043
2024-08-22,2,Miami,Dallas,136,2487
2024-08-22,53,Chicago,Miami,1043,1091
2024-08-11,6,Denver,Houston,210,845
2024-08-14,-2,Denver,Dallas,1574,2144
2024-08-04,30,San Francisco,Dallas,779,1316
2024-08-26,-10,New York,San Francisco,1230,2227
2024-08-26,-9,Dallas,Seattle,1802,1853
2024-08-29,49,Dallas,Houston,1065,356
2024-08-13,37,Atlanta,Atlanta,410,2459
2024-08-02,18,Atlanta,Miami,426,304
2024-08-23,-1,Houston,Houston,1471,1737
2024-08-05,47,Seattle,New York,941,1662
2024-08-11,49,San Francisco,Seattle,1907,2120
2024-08-06,10,Houston,New York,741,1582
2024-08-18,17,Houston,Miami,1392,2437
2024-08-21,23,Los Angeles,San Francisco,1243,1573
2024-08-10,-3,Los Angeles,San Francisco,1600,1431
2024-08-04,48,Houston,Miami,1255,967
2024-08-09,38,Miami,Chicago,327,1581
2024-08-06,6,Seattle,Miami,1466,1296
2024-08-02,49,San Francisco,Seattle,2099,2226
2024-08-17,34,Houston,Los Angeles,1966,581
2024-08-05,58,Dallas,San Francisco,375,1527
2024-08-25,21,Seattle,Denver,262,2363
2024-08-06,33,Los Angeles,Seattle,266,1235
2024-08-26,54,Dallas,Seattle,1944,553
2024-08-12,-3,Los Angeles,Seattle,1893,1511
2024-08-23,32,Los Angeles,Dallas,1901,628
2024-08-21,-10,Seattle,Seattle,1652,1720
2024-08-10,40,Los Angeles,San Francisco,1444,1840
2024-08-22,13,Denver,Los Angeles,45,1492
2024-08-21,13,New York,Los Angeles,599,2016
2024-08-27,6,Denver,Seattle,719,1501
2024-08-25,-6,New York,New York,1912,954
2024-08-31,9,Atlanta,San Francisco,1292,1685
2024-08-06,10,Atlanta,San Francisco,600,1059
2024-08-27,47,Los Angeles,Houston,380,2098
2024-08-08,20,San Francisco,Atlanta,117,1363
2024-08-02,0,San Francisco,Chicago,2163,715
2024-08-12,41,New York,Chicago,259,554
2024-08-13,4,Dallas,New York,1098,1466
2024-08-25,-4,Seattle,Chicago,1503,2176
2024-08-21,17,Los Angeles,Houston,2352,1199
2024-08-07,40,Seattle,Miami,2054,2358
2024-08-10,47,Denver,Chicago,365,325
2024-08-13,-6,San Francisco,San Francisco,1657,720
2024-08-17,-6,Miami,Miami,1461,1544
2024-08-26,-3,Denver,Chicago,2024,2176
2024-08-21,53,Denver,San Francisco,790,1560
2024-08-28,-1,New York,San Francisco,746,1308
2024-08-30,27,Chicago,Seattle,312,518
2024-08-26,-3,Denver,Los Angeles,537,1810
2024-08-14,14,Los Angeles,New York,920,2259
2024-08-02,55,Houston,Houston,1077,962
2024-08-28,39,Houston,Dallas,1490,1289
2024-08-22,56,Los Angeles,Atlanta,2381,488
2024-08-11,38,Chicago,Chicago,797,554
2024-08-01,25,Chicago,Chicago,347,367
2024-08-19,57,New York,Miami,272,915
2024-08-21,30,San Francisco,Miami,719,1173
2024-08-04,51,Seattle,Atlanta,1773,1925
2024-08-19,-1,Chicago,Chicago,684,656
2024-08-26,10,Miami,Denver,2126,555
2024-08-29,25,New York,Houston,621,1307
2024-08-21,1,Atlanta,Chicago,2039,2055
2024-08-11,-9,Dallas,Los Angeles,946,583
2024-08-08,2,Atlanta,Atlanta,506,398
2024-08-11,42,New York,Denver,1582,496
2024-08-04,21,Denver,Houston,243,1177
2024-08-17,5,Seattle,Chicago,505,2168
2024-08-27,21,Dallas,Dallas,421,1688
2024-08-07,21,Atlanta,Seattle,2264,869
2024-08-08,0,Dallas,Los Angeles,1872,1365
2024-08-03,-1,Miami,Dallas,1192,721
2024-08-22,4,Miami,Miami,329,1504
2024-08-02,6,Miami,Miami,649,844
2024-08-23,29,New York,Chicago,1464,370
2024-08-15,7,Seattle,Miami,390,1523
2024-08-24,44,New York,Los Angeles,1519,1067
2024-08-22,14,Houston,Houston,380,2006
2024-08-22,48,Denver,San Francisco,741,954
2024-08-05,11,Denver,New York,2010,2096
2024-08-24,19,Miami,Atlanta,819,520
2024-08-01,33,Houston,Houston,672,481
2024-08-26,21,Chicago,San Francisco,1771,606
2024-08-04,40,Chicago,Denver,1211,1719
2024-08-15,35,Miami,Los Angeles,929,1313
2024-08-20,10,Atlanta,Dallas,1539,2351
2024-08-19,21,New York,San Francisco,912,1147
2024-08-03,28,Miami,Los Angeles,643,1103
2024-08-20,1,San Francisco,Seattle,426,514
2024-08-11,36,Dallas,Dallas,501,1743
2024-08-17,7,Denver,Miami,729,400
2024-08-30,10,Chicago,Miami,1283,872
2024-08-27,2,Los Angeles,Dallas,2118,1632
2024-08-13,10,Chicago,Denver,456,957
2024-08-11,-3,Denver,Denver,2236,1833
2024-08-02,35,Dallas,Denver,290,1956
2024-08-09,-4,Denver,San Francisco,919,525
2024-08-26,12,Los Angeles,Atlanta,2339,404
2024-08-02,11,Miami,San Francisco,1969,2297
2024-08-21,11,Houston,Chicago,755,1071
2024-08-09,18,Los Angeles,New York,1658,728
2024-08-09,2,Denver,Dallas,1834,733
2024-08-08,-9,Denver,Houston,1306,1530
2024-08-17,18,San Francisco,New York,1567,1165
2024-08-01,41,San Francisco,Seattle,1869,550
2024-08-25,16,Seattle,San Francisco,376,1155
2024-08-29,39,San Francisco,San Francisco,1179,1493
2024-08-11,12,New York,Los Angeles,507,860
2024-08-08,33,Houston,New York,1436,1769
2024-08-10,11,Dallas,Los Angeles,558,1218
2024-08-25,32,Los Angeles,Houston,2307,1473
2024-08-07,26,Denver,Los Angeles,420,732
2024-08-03,50,Seattle,New York,1552,2406
2024-08-03,45,Seattle,Dallas,303,1268
2024-08-18,-8,Dallas,Seattle,941,1135
2024-08-05,52,Houston,San Francisco,1301,1197
2024-08-12,8,Los Angeles,Houston,1089,771
2024-08-12,12,Chicago,San Francisco,2155,546
2024-08-19,18,San Francisco,Chicago,2315,1290
2024-08-30,19,Miami,Seattle,2269,1226
2024-08-06,28,Seattle,Atlanta,1827,1491
2024-08-02,14,San Francisco,Los Angeles,1553,1374
2024-08-12,-3,San Francisco,Miami,692,2134
2024-08-19,47,New York,New York,254,988
2024-08-05,5,Houston,San Francisco,1478,1784
2024-08-12,-10,Miami,Los Angeles,2300,1259
2024-08-27,-6,Chicago,Houston,256,777
2024-08-27,-8,Denver,San Francisco,441,1006
2024-08-17,54,New York,Atlanta,1881,1437
2024-08-29,-7,San Francisco,Seattle,1113,1053
2024-08-17,53,San Francisco,Seattle,581,1959
2024-08-10,-1,Atlanta,San Francisco,1735,887
2024-08-25,10,Miami,Houston,18,1634
2024-08-23,35,Miami,Seattle,1124,1792
2024-08-17,16,Atlanta,Seattle,1380,2147
2024-08-15,55,Miami,Atlanta,1565,506
2024-08-12,30,San Francisco,New York,2080,2498
2024-08-30,2,Seattle,Houston,1993,464
2024-08-16,-2,Los Angeles,Houston,1547,2298
